-- phpMyAdmin SQL Dump
-- version 4.1.14
-- http://www.phpmyadmin.net
--
-- Host: 127.0.0.1
-- Generation Time: Set 10, 2014 alle 13:18
-- Versione del server: 5.6.17
-- PHP Version: 5.5.12

SET SQL_MODE = "NO_AUTO_VALUE_ON_ZERO";
SET time_zone = "+00:00";


/*!40101 SET @OLD_CHARACTER_SET_CLIENT=@@CHARACTER_SET_CLIENT */;
/*!40101 SET @OLD_CHARACTER_SET_RESULTS=@@CHARACTER_SET_RESULTS */;
/*!40101 SET @OLD_COLLATION_CONNECTION=@@COLLATION_CONNECTION */;
/*!40101 SET NAMES utf8 */;

--
-- Database: `becontent`
--

-- --------------------------------------------------------

--
-- Struttura della tabella `sys_entities`
--

CREATE TABLE IF NOT EXISTS `sys_entities` (
  `name` varchar(50) NOT NULL,
  `content_name` varchar(50) DEFAULT NULL,
  `owner` varchar(1) DEFAULT NULL,
  `forum` varchar(1) DEFAULT NULL,
  `forum_moderator` int(10) unsigned NOT NULL,
  `moderator_group` int(10) unsigned NOT NULL,
  `priviledged_group` int(10) unsigned NOT NULL,
  PRIMARY KEY (`name`)
) ENGINE=InnoDB DEFAULT CHARSET=latin1;

--
-- Dump dei dati per la tabella `sys_entities`
--

INSERT INTO `sys_entities` (`name`, `content_name`, `owner`, `forum`, `forum_moderator`, `moderator_group`, `priviledged_group`) VALUES
('sys_entities', 'sys_entities', '', '', 0, 0, 0),
('sys_events', 'sys_events', '1', '', 0, 0, 0),
('sys_file', 'sys_file', '', '', 0, 0, 0),
('sys_file_folder', 'sys_file_folder', '1', '', 0, 0, 0),
('sys_group', 'sys_group', '', '', 0, 0, 0),
('sys_image', 'sys_image', '1', '', 0, 0, 0),
('sys_image_sys_slider', 'sys_image_sys_slider', '', '', 0, 0, 0),
('sys_log', 'sys_log', '', '', 0, 0, 0),
('sys_menu', 'sys_menu', '', '', 0, 0, 0),
('sys_news', 'sys_news', '1', '', 0, 0, 0),
('sys_page', 'sys_page', '1', '', 0, 0, 0),
('sys_section', 'sys_section', '', '', 0, 0, 0),
('sys_service', 'sys_service', '', '', 0, 0, 0),
('sys_servicecategory', 'sys_servicecategory', '', '', 0, 0, 0),
('sys_service_sys_group', 'sys_service_sys_group', '', '', 0, 0, 0),
('sys_slider', 'sys_slider', '', '', 0, 0, 0),
('sys_slider_sys_page', 'sys_slider_sys_page', '', '', 0, 0, 0),
('sys_user', 'sys_user', '', '', 0, 0, 0),
('sys_user_sys_group', 'sys_user_sys_group', '', '', 0, 0, 0),
('sys_video', 'sys_video', '1', '', 0, 0, 0),
('user_events', 'user_events', '1', '', 0, 0, 0);

-- --------------------------------------------------------

--
-- Struttura della tabella `sys_file`
--

CREATE TABLE IF NOT EXISTS `sys_file` (
  `id` int(10) unsigned NOT NULL AUTO_INCREMENT,
  `filename` varchar(255) NOT NULL,
  `data` longblob NOT NULL,
  `size` int(11) DEFAULT NULL,
  `filetype` varchar(255) NOT NULL,
  PRIMARY KEY (`id`)
) ENGINE=InnoDB DEFAULT CHARSET=latin1 AUTO_INCREMENT=1 ;

-- --------------------------------------------------------

--
-- Struttura della tabella `sys_file_folder`
--

CREATE TABLE IF NOT EXISTS `sys_file_folder` (
  `id` int(10) unsigned NOT NULL AUTO_INCREMENT,
  `owner` varchar(50) DEFAULT NULL,
  `filename` varchar(255) NOT NULL,
  `size` int(11) DEFAULT NULL,
  `filetype` varchar(255) NOT NULL,
  PRIMARY KEY (`id`)
) ENGINE=InnoDB DEFAULT CHARSET=latin1 AUTO_INCREMENT=1 ;

-- --------------------------------------------------------

--
-- Struttura della tabella `sys_group`
--

CREATE TABLE IF NOT EXISTS `sys_group` (
  `id` int(10) unsigned NOT NULL AUTO_INCREMENT,
  `name` varchar(50) DEFAULT NULL,
  `description` text,
  PRIMARY KEY (`id`)
) ENGINE=InnoDB  DEFAULT CHARSET=latin1 AUTO_INCREMENT=2 ;

--
-- Dump dei dati per la tabella `sys_group`
--

INSERT INTO `sys_group` (`id`, `name`, `description`) VALUES
(1, 'Administrator', 'Administration Group.');

-- --------------------------------------------------------

--
-- Struttura della tabella `sys_image`
--

CREATE TABLE IF NOT EXISTS `sys_image` (
  `id` int(10) unsigned NOT NULL AUTO_INCREMENT,
  `owner` varchar(50) DEFAULT NULL,
  `filename` varchar(255) NOT NULL,
  `data` longblob NOT NULL,
  `size` int(11) DEFAULT NULL,
  `filetype` varchar(255) NOT NULL,
  `title` varchar(255) NOT NULL,
  `caption` varchar(255) NOT NULL,
  `alt` varchar(255) NOT NULL,
  PRIMARY KEY (`id`)
) ENGINE=InnoDB  DEFAULT CHARSET=latin1 AUTO_INCREMENT=2 ;

--
-- Dump dei dati per la tabella `sys_image`
--

INSERT INTO `sys_image` (`id`, `owner`, `filename`, `data`, `size`, `filetype`, `title`, `caption`, `alt`) VALUES
(1, 'admin', 'logo_big.png', 0x6956424f5277304b47676f414141414e5355684555674141417034414141423943414d414141413835354f6b414141414358424957584d41414173544141414c457745416d7077594141414149474e49556b304141486f6c41414341677741412b66384141494470414142314d414141366d4141414471594141415862354a667855594141414d415545785552514141414153554841574c47316b4b4277535546475155424977384447776342496b34466264704b4a5245444951734448516b424b6858436d736c43585163424977304449516b4448776b4448516b44487773424267464248776b424a59354447634d42345173424b7863464951304448517344486f33466d7763444b5255464177454248777344415145424c566d4749777344496c47474c64714e77304d4449773042475165424c70324f53596b4a49513844495130424967714649516b424873314374696f6c2b6932716e77634246735742377033534b5a4b4336706d4b4a78454448497442497738424b3163494b685a4c314e54552f7a382f4a784d444a5935424a5245464d654961507a38394f6e713663656169696748424d4275475a593546575163444d6c394e367855464c7148624d5a7a4b6e5155424b52544870784d424a784546502f2f2f355245424a6c584b4a784d464777554247566d5a6e5163444d754d647a55314e72687a5673654353505430394d65475764697972506e33362b65776c375662466e7763444c702b575a7055474b564b46575155444b6c6f4e334e3064625a72526e67704662565a4372686d432b4b2b77705a4d4a6f7773424d5a36555054382f4b746c47425555464c574e67614a66517475666a73696f6f775145444a524d464a52424864656c6766667236507a30394a68594e326f6f46726c314b4a524d48497446436f49364a746e37356b554842716c3253477755444f6a36364b4a63464b74386168454e424e7565636e64494c576f304359776b44412b4f4b395837325a63714361746b433451634344495943616c715238655865646555624a784d484a524d4447673447694553432f544f785a6c725471683557496c4a4a357456437371555a77514d4249364f6a39614c5836553544353944424f656d67614e6349497062537135534877754149534f474e2f666f326654383943636e4c5970574b5268374b366872574e65616634434167664c41747055724648514b4357456d4931674d466753414470706c4e6c675946316370464849324b495a584f456f5943594938424a3143484542415141514d44485155444f76333974574c547153696f3678304c4a564d4e586761464f72733951775646675351444153654961394c42576b5a4659684a4f597856472b3350324277624843353950667a302f483455446437673352594d46506673394c564a4655555a477654302f484a4d516350377a366c304f77384544412b55496f306a4247514d46483054424a687a61776b4b46646a507a4243684c356c6b4951324d46416b56435a4e6c576c30354c673665497151394955734f456a4f5552304b495458514d464232614e55306e4a354a4e424c4836756753634649785543502f2f2f2f2f2f2f2b3241435045414141442f64464a4f552f2f2f2f2f2f2f2f2f2f2f2f2f2f2f2f2f2f2f2f2f2f2f2f2f2f2f2f2f2f2f2f2f2f2f2f2f2f2f2f2f2f2f2f2f2f2f2f2f2f2f2f2f2f2f2f2f2f2f2f2f2f2f2f2f2f2f2f2f2f2f2f2f2f2f2f2f2f2f2f2f2f2f2f2f2f2f2f2f2f2f2f2f2f2f2f2f2f2f2f2f2f2f2f2f2f2f2f2f2f2f2f2f2f2f2f2f2f2f2f2f2f2f2f2f2f2f2f2f2f2f2f2f2f2f2f2f2f2f2f2f2f2f2f2f2f2f2f2f2f2f2f2f2f2f2f2f2f2f2f2f2f2f2f2f2f2f2f2f2f2f2f2f2f2f2f2f2f2f2f2f2f2f2f2f2f2f2f2f2f2f2f2f2f2f2f2f2f2f2f2f2f2f2f2f2f2f2f2f2f2f2f2f2f2f2f2f2f2f2f2f2f2f2f2f2f2f2f2f2f2f2f2f2f2f2f2f2f2f2f2f2f2f2f2f2f2f2f2f2f2f2f2f2f2f2f2f2f2f2f2f2f2f2f2f2f2f2f2f2f2f2f2f2f2f2f2f2f2f2f2f2f2f2f2f2f2f2f2f2f2f2f2f2f2f2f2f2f2f2f2f2f2f2f2f2f2f2f2f2f2f2f2f2f2f2f2f2f2f2f2f2f2f2f2f2f2f2f2f2f2f2f2f2f2f2f2f2f2f41476238696c6b41414377495355524256486a61374a316c66427535382f426c72356d5a47524f486d5a6d5a6d5a6b5a6d36544d7a4d7a4d7a49783368574e6d5a7667782f656e5a7a2f4f697662736d63527976376154706e6657696a556d7a476e31334e445053536743324633755a7367585956574258786452566d62315066745545734f73436d626f6d51574d544a79416b704c447767683738557654506762627430434744303859614d314c6c7848524a7941744f41494350702f3334592f5372727a346f435a307851374876655643336e62746e70692f7757356c59504539506d365943697444704d304b6a546b5756523557666d683831343276776b33327373754e7075734c68663077496e6730684b70556974507a5534766c7235762f766c2f382b6366624569666666663944356d757135554c69647532654535394e3144667662746f625453585736632f477078665066503374693957723063525436445254712b507a3530667465654334306275667532654135596b542f375a55746579516b354f507938735672547178657652714e52714e51782f2f385a387a662f34342b4f2f2b554b67533234326c50633569753754666966367664646c49756845777257627a6d3750486a4b42514b68634667587365673052674d357472782f79326672746a2f68314f35765669474a7741546765662b516e42717a5a723354337a7a7868736f394a2f524741774767304b684d4a673356763972545a54434362626a61532f6a4b50367066332f744368763153496865482f726c69524f6f4e7a44582f6f35436f56426f4e42714e527145786d4a2b502f3374784a79694537587a61797a50445577585772506b5847765734594a37386a38616755476a5536766b6c335537774878445050774c71774c5a346a6e592b62534867363639507a58392f4e527146527145784b445161673061683043673043764d36476f583635737646302f514e7a306577592f4c72594867786f374b78666f34774f6a62765a384132366a4c2f476847305a6278714a785a506f436866737872393837556e5844366846494e426f5441593950754c70344d516d3932455a7573454b55796d3851544769376c564966716c5453534f72736369656262494c4a6c524a786732724e73595437447631507648305a6966555a6a662b48777978474d775a2b642f4d483563394f75316a4e4e6b7379304a556c3262366d4667717069364149744a73305369306145434b5774494a4670422f5667416a494c55466e692b4142622f617a587139646378547949694641614e516d4651614451477452727a7a62385876366379637751325579465736426f786e6b5a2f4f48366454333079386c766a58593246456d456a7331356d4e782b5955537a43302b7a6177444444616376456b6d4c376c79654f762f462f6d4e662f6a45616a4d57673043764d595452514b6856364e4f727334633572542b453077687a3662364e7038504d326a434a67777545615a4d58456257694e78744367774c4975493141364f727a337254504b6b34626c7338646d6676376e324f6761442f6a4d616a5561684d47674d476f31476f64426f4650712f7a733650366a5a6e49446144506d526a6a6d57416a6e41797a46612f3654615a59794f746c54674b5432435556724f73726b6c646d6f336e364e2b4d7a366552563162693662546d4c50714e623735426f64475045306d5051794c5559304c2f6130303063494c4e776e50595659396c57635a587a446a332b72684f6e386b7831757934342f463734772f46787179645a524a485944616d51555243702b6b68793878427a4e776262474b5768436a576e44332b4f4342435032455368554a684d4367552b687630362b6a357038774932702f4363307776304b68716b4d6170356a674753464d4534777a54347764417347306b44756473374739596b48737a375973676a70744d33644a47726767356e7633443845536a30436755426f3136544f6a6a6444776168554a665136382b55614a586d6164756f3336394352326139506b73543465596c496d67526e4e64435142734a58475954735a4c3443436569544268434a476e2f38433468745771356367684c7a3731392b4c33763047685542674d476f312b6e4535366245497847417a7137507731414677774c335675394f593070634f784f77685931726d6a4d2b6c6d7038394e75424c49666d6946784b66664e476d354c4b467a544c41526537506a6449454e48755a7755763032594f2b662f2b5731623634396e6c2f486f4e416f4e4172395a7a51616a555a684d4e654f7a332f776f354f354c5466746a4a67354b466b2f335445434d6b766e43737a4f5a466c734b6b774d74755a4d7a79413232496a556148624379537770434f6c3845594266522b786c3831656a72714865514b505261417761685561683047674d426f5043594643723331384d70703147304577774e69746a4b774732554e646a4b396161726b4a71504b313667475363584a415a336a555334346e6b3471306477717a4363316f33414344767964442b30372f656542495750516d4f554f6a58333844382f4472367850784f315452457a527a626b546668344668734355784f586c684e43384a3561396732664534525047303859592f302b67713756623838452f7a656c396575505237544d62384537686a4d4e64527139496e35443877306e615948435a504e4e5233636d2b58793267355032416f38676655537a6336646a633641324268505a4573694a674250414c6f666d382b38785766526630656a30426755426f5635596a38786236772b2b2b38763536766573343050592f494774303756786e554c32344a5042454f584e512f73474539456d70336174644a347771625451375a714f65494c6641486f483839544e73772f6577324e526d466578364177474177476730476a554f6a564a37356372482f7441744a6d6a6f6b664d424e50784e3173504c6777492f7348787155464b5a3741616f6c6d4a317474694f63594767545764727556654d49413641454d7730366e2f6e583232743966783241774b425147686271472b66765071302b3876336a4e5071634c317262794e31574f4d314a5a6f326b45654a6f314e576f356e745a4c5249496e734d33596a766747743878384972394170323639486f626877735848723733782b7638395868712f2b766a5a343266662f334c4e6d722b637a724d6145334d646c4248756e72584f473277754b654d46426462362f63676c496b686e54535365694f71624b447a6846315567424962316e53644f7244352b2f506a71316364506e486a2f792f6e7a3533667563777178724a5850444538776e6e6152724335426a4363694f4d4534637a3750486b38774e6642734143414562696a4a57374e347a5a6f31612b625058374f342f4e52666e504a434c472b6c68666266644f62656b7468334c465447344d5a34666462473438676c49736932546879654675524f4a6754505171415067554d75364258373975333753336644493666392b363172706155744742597232304b2f34393466706e457873636a54596f2f4d4c496d49384151546836654e6767377a3848514b6154412b4c616e764e6d4570583341717a50746434476c365a6e694d52575a5734576d785243545a317548354c397668435359527a384b38516c436f3075754248755135355932753250687a36342b636e49424b72394c726e565464546e6d54675365594f4477746561376b7154555a4e71527a66496c54424539346376414d616443485a703736594d59486f5357686f5a384466626654384132386e4977744d67344a5553685548332f79656565726d61457a6f6d5a456c34513432514a507331513941586769655654424e6e68614958454b34416c736b646f7a4230386e703879537a492b574c564e7775647a7566644768447a716a747975346a35366170637a546a787a6338376a6750624173617362304757552f4b474a6a59324f50376f2f36504c4f3759584c7774413050534263484736486c4e7a7874617a76486b34676b322f716334396d512b57716f5373586c4c6b32753372697a5238465662492f2b7650507a31365a31352f317151764e556a346137416945413644733748325365354e36705030496b646846664b7331657350526b565054704276505668517a64796344542f427a514d4956506a5045304a66485a34326d5478505034654a3665397571723031534b73724b4b794d546934754c6b47492b5944567a466a353264306375363953446b4d61454e546f2b6544714255793842376f61475a555755626475313961563163637955784c693478555537386173504a714a4c437963495457477575526955526b656142724d4c544b6f6e493841533277524f6566447a7a486e522b72666934724c39737834362b4177386646682f32384f6972385044676370644e4c796e70426e7167636770354f755a356f52446f41586974737a4d36617363646e3466713258457463576f69555a65592b4842326c324868546f385a6f5955576a2b3350446b38457932564830574c46484948464570485567506748557766504379586c6974596446792f47654f37593462483534634d44465a3456513465484e6b63327869716d5a345a6d68717041647a64517149446536515767416971674f7130432b7335584d364e6a682f59574a36616b784d584671596e71754a544578474b447a6b445531572b596e766e4363346f6e6b6c71474c55363179525157496f6e5048452b4c4277784565494a797866614c6e686339597a7833744a59566c443763584f465a4d5453302f4d4342307572595a61726f447a374a5641454167463450394b4262425652414255426f5358546d6a4e684e506f595551324a4b5846784c6e446f754c6955784d5447465347784f724c2b395958726e6f776e4445776149786a5854396d706b6c414662514d764933564e74627a794e5334515262542f316e4f4c5a4d463342726469786f32496f5a74504648575546506f6b50687a7948396b5a47627436382f4842797a2f61506f7a2b5a6b526b4e6741716f56493878666138374e44517a4e4f6f4c376961666c4a526d4e564774626d6d4a6934744c53556c4d54496c7261596d724a506f7433464365325442786541496b4f52556a665477326e6b6872657570786141767874454c694877485076457a467865546c5a5a346551785644487036657062506a486936764b46692b66506e3550732b4b54554f74725678516b6c6e534756305357684b74427957684a61475a6d53575a6f5645624e6856304a466247746251304e7a6333563672566176567351324a4b58467a636246454b39615671626c54336c4d555474674765543945795358694f6c6f696b437554722f736246433077436e744d2b344d5a656a4e78386f4f4338703266462b594c4e6965725a79772f33465652345670772f33316378744c6e696f6d634d6c2f74545646544a7135307a6f737044502b694d4b67383965544c575236644c49524b4467727257555375543371513269396131744d536c454e557461694b52714f347956473959724a38635049454e365153774262525969716656456e2f2f654a372b584d483132465636344748485a732b687a61574a585330744b512b5846785234746c5a7350724435634d586d6f6556396e6834394737694b6a31377444413074796677384e487247687037654a5331454e5648585552425a524252564a6a583779755769645330746c577031797a6f316366627372746d474d7964444c31694b4a347749543454654732776a504f4652654d49546a4366384f3845544e687650665648636e6b3356316158466a615578753354555a6e564c69377034553479487032664667654c697a6373332b3051657271676f692b6e68786e49563347584c746d2b503554347136366c57743879656253677138437a724c314b72525653357a6b64484644553356315932743678544532656e714c763862702f384a473979384553536d786e7a51697a6f746b6e48452f3644345a6b582b7436374a7a307639695233464a33335441372b394d317733302b4a6d3876656662653131654f6859625968736668683665472b7735763339705836366235617548446e7a70334a2f5757745a5a48464b624d5444645639726132746b5554314f70457573714455304e564d70545a584e713954693951743669353564757a303179594c54334f6e586b786379504f4c4a3277426e7542357748502f7131397a2b324d38505174694f6f6f71647654704468364d503368516439687a7837767676757452617067394f7a48783457485076675046427a616e564c5a553667772b50683144487034375041736164596d7a4534736a505477394f6f4a4549704568736943794d5767643154637069646f69456f6e57555375706757644f7a76697863384c784e4d3848485838446f7438396e754335777a4d766c4e757a4b336e3535674e466954374c4b7735554e682b364646354c504c413378765069757855484574567869596e4c4b7a7a502b36516b2b7567714b395846657a64566c3370343948756339776b4b3071576b704242315073553645625735693167615757726f6f72365a6c4e53633145556b696e7a5466512b464439794a6d7661714251516943343167637a6366486b655735566e55536351542f695068575a6970352b3761323147635169523246572f613145687443527073792f6237617548656f55313942784a5434754a53346f6f39796e70384b69754a3963524b59756d6d6f65707144382b5949714b61536a536b784b6e56497046496e6b52746268484e4e686949616d705372612b7669476777364f532b766f66657a44707a38704e435377776b556a784e625a5a6839704e4c6678413872656254536a77525045674d517658394d515548694a2f36486d76733879794c4a4b714c6b2f763743716f3365525245476f6a71357061756c4c69396e752b5736567269314961553573726976615842784f586e4f346a4e7a5a5547513542494a45704b6f767236557075626d39657034395174314b54615771726f7059344f585670745275326e51532f467a76687834764345783935723248796e3149366e785869436963627a394566636935743178475048306f6f5058377a5956315261764c665073384c5459326a3567513466596b744c6e4d6a775576395037355931567362467056522b2b6d6c536b742f312b735245597557625363474e666a564c676f4a45496d71362f4e4e5066644f582b4858467261504b3557485550533931464156543033325055616c4c7a70774d7a625067496933443031542b614d4c78684363645433687157453877595869652f6b697831436334352b44616730484679324f53477a73364449612b6e6f714b7946494473616a41523566595558312b552b764a31706a47796d5a3155766a61746665796b3463696454704455464a536b462f39786f552b75694235656c5934502f782f6c70515747475a337252504a7736684c2f487761672f6451716256553670377332436777365868616d434f32415a37676563495450424d384557774673432b5575394e76532f7a614e7739563668596d6e32736b456b56482b737147536f4e31666c3956654351505658683465486834587653494c45364a5577654648317837626d6d5a523547616d456973624b597532526a546e2b77544a4d724a595467457a6c336f3052717055362b6a797350324c4f6e53365935517164536b4a645430624f366a376f6e4430775a38416f765730396b495436736c496848362f4f45354c5a6f6255317a376a30767444756c42687368536f6a714a326e58595932396a5a45647864562f504a6f392b6a356a6b76583056657730704b5847696e472f58586c726130782f54754b374c594f6971564f734b576c746a466936525a2b5351584e786e3972533252684a463636692b595748794a5834367633565533397177394c436132325750436d324f4a37446a6151576573493378424c616e45775977444f63396549316246726b6c51396a554f30646b4b433039396d616c656b2b777a3075524f79715364793164366845544d375438713553696f7543676f4251694d536d637350766c336f32397756302b7063577a31536d4a65317462653135614a7a6f6d6b6b65387662543170396169494247566d6936586831474a73346b69716e38476965512f4d445032555967466563396e677163316b347977525868614b394536504d485578724f683837582b56732f4774446e4a6e736b7664515872664e4f546948375a783435734c437662744c544138364a487a38492f7964574e77576c70666a342b686b72356d544e7a534b51356a636b7835333249362b4a6d562f64354c5077546c5a70457057377037576b7436356b70707a5a54666556795836716f53795150632b417a63507841357732503869594f543973752f583465385154504635356d4f386f774450646e716e7147446e66344658755562536f31704b58352b757149312f754b47686357375671347363446a596b564259316f6c736246447079744b397645374a4b3966574e2f6f7338756a31664e38765a704b66616b36737670503144666639442f6b6d36517236756e3534596861524a58584a6c4770636c46586c357a456143637a2b4f476337542b4235775a504b3559515759696e6c52497477784f32465a36774a5376477a4d597a723578373356422f4a4f33777275546b6a73546759502b73594c2b464f2f7233476f3649525057524734743667344f6f766763584e765957655868573177534745597554652f70333948747371695a577975736a49307550705076362b704c692f616e722f4262474642445636354a7163394b70365748556456523542455049464d654835326a4c7a647369336a4938596475746237424533574d38594947634e6d7647646f43346f64615a547976774e503965676d4734734476322b704b74522f774d6871385752687136314e542f71636d753975785a4f44736c72624778364b76736e4c516758647152637a74336e79736f7145394b4477736945763271572f667632756a58465251633256667451303050537a7457572b767653363270583135514879515038382f4943457666512b30537966333544687078524872364f784f4370385864433439386a7358385055496d42452f345765414a3277705047504743526752394e47335a54722b576d6e726445542b697a6964494a424b4a306d74384f7571502f4d6d6e72364376314a43576379776c7364376e63504b75366e4d763377745039363339314a6636546e395a544b6d42534e543552473430724b506d624b6e3139665831395255643866475a457861574663376e31387046564a456f4c4d79667a33414a53786574744178506849656d773562796958414b644c794246703567506f3374783241466e73424b4f7046784470446975537570575664636e4a595556426b554a424a52715746706673484863767a4f6579794e624e5470636d71504252333561766e476a63734c656b6e686238707266644e39427a7a666a556b327a4359616644723867697154636e4c4330755879394853355842644d796a6f55487337673179614a52434a526d4438704d494d6b4636583754444365734858754f614a442b636143426259475432736b497433563355492b675533634955526e714d41772f4f4b796d62374e4f6c32772f364644683937305430734b4969596c2b66752f756157367243796d694b6737396f2f61576c4b61333862732b7572496a576c5a36623631766f634f2b653359306265726e7169653762636b33666667507a4c4330745033794c4f7930716c79556c5a67566a69444552376d6d795150433873696b66787a42705a513164636e423039672b6431767354646f4a457178676b396769664730476b3967477a794262656c38596a322f364d32344e376a462f35682f2b43466332357774515746685765483366495a692b677143672b3435384d50352f4f423650352b396a66562b5165716b4a48396633304e42653463693639506b766b6d6b7350434461772f365a383356316e547453552b58683256744a666e7a2b66476b7248522f42346477556d41674b5776726b69564c33706c6f5042453655754f506a516a32335268394d6a51386b58776159637043504a47595433504f345456764d5467792f327361364338344f6f674c4377764f6e706d39736264584f7965514a4e636c4879344e33704a4443754b484f367a6c38345054645055646a576c705163526a2f6a6d4877734e7267344f336b50674844783638704c6c30615730374b58746a704d394c666e4a35546867707533354c427638654b63782f625875374134374244777a503270712b353038327833504d67394673466c6c59646f693174544d786c68796244537a464539455269796256622f35426f676a4467326b76546d3974505a2b5476715378714c6630384f486c7054344750364a506371544f2f35442f334a71634c496632396d383144443642374d6f497a4c6c336a35486a487834656669386a50447a38344e713171793635726c2f6c636d5a58515a39506d6c796534782b34746671384c69306a673051694d545161706f624234447667634f4742326f6e484530616761664d69432f504f756a43326e672b326a6b396b45684539615454322f737449714c62514f6c6953585647426e33615552645a3369513573336a69337674476e3246424d4a42364c543876412b51663764424358624d6d496431762f62587538363672326341664e4b67592f49337a7477554d4f2f50613171316174636d4f7563754f6338664349715434536c7555666c4c50315349796e5434302f4834647a30476a497135684d7a53564e504d456866444c774e452f56414d6e59614d625a516861657a4734686f4d6162614d316a674f61646f47534752484d4f70624d67756249504c4431333772716658303345344279356e4f6958737a564e37757537646d31372f4a7a476a73625a66727267516266313639637a50335274622b6466576b396d31423737394f444238457475726c354d4455506f4a677a595752617a79303930364643577147624a6b75534336774e5a34546963693543683061786e726c7131797456314c5839654f664c6a6138633548334a73663947734134504d7652484d7163364b444b594e4a467148357a685075674c7a627768453534535a6a5366346568645276755449675931747a6a6943764e592f6e4a2b526b52482f37626672322b2f782f66317263576c7459767233483337346f5a6362325858564b71614777542f6f333835663238357a6453586773734c696863715a4d374e726b767a35345352532b70346c66692f4a632f784a675136427a68454d6a52757a716f7270716d6e487255434f4a786a333033454142474430366a466779576c374a70344f51667a55694257456d6a79697735715476735a517a54696e4c70696f7879616d38786666382b75645157465a66683146485456453354462f2f6c6f2b50344f3070596e466269495163507832486c6e5a784c372f3458382b3948496a4d39657639334a7a6332747662372b6b57655647446b354c45366d442b494d647535306a7776306448427743535746376174497953507834507038554565476763665079716d4979336470785a79594a54354d4841356c336768574d7346714c38304f326b67676a797571596337794365534952576e644c35744a674748354e73614b324e69787479357730655644514d54352f4c5a2b666c685a6376544f3549484b33733473726b38356d76374c6f5035632f39504c697257643675626d3575546b774f447979317a2b32464f766b496a6b316e423838534341346b4278635846787775454158484a2f527a6d4445787763364d4d6a785a4870714663764e77586c334f624145514e502b45504b4f4e58574170305841574a4f2b744a5645472b414a4933784543386c686f4e5a4d6e4d4977664f486a57786d316648354749456b756c3765762f585a744f783958597a6963584645514f584e67546d2f526f444a66494c6773534f55784e4577573735496d5070354861434f7776656a5a41316c5a6530532b5176343972584e45526b344767384d6a617a536165493347625a556d5068364845776f7675624c6f6442346a513773434f5a376a687979494c632f5933376545474975446234735a74584c4b7965775948636e7858575a7033394b6d777a446338504564676f6248715058334a39566d61565a39753072446a38696f762f354f623173626a6b533650704d6756715a6546676a7958592f39773957564c48526a454a524e4d78746656754b3132514d31533749696341344d3346785346676e4849444f5a7271354d4c3433476a65656d305441595a436144494f5a777842455a41385a3954367536444a6e6c4d58382b7843593077564f35544d625641567663706743473466307172706777694d7678723833414f635448783273306c3343344842497049694943783864706e546b75672b78587a683256456a5361395578586e494e594b5a4832626e7735754c646f593358396b5a6f496e4273484e2f64756f49755154475a5656544858657a475a5a4338764e374a517a475353785469634f47496730486c466559684e327a36462b3335716f2f6c63465144444d507842374d7a656a7347734c4437443159326849613969727449494d2f675a57594868446777476a69456d45486231395065646b394c58653748497045447837706c463578646d42786564333553384f58747544636b4254326a5469686c434d704e46393672366672305869307a6d75516c3554425a54794d676944645351584c533750724c336d72315968476330642f664c5263474251733071312b2f5865394654553732594447463775333957526f54596a53646b4d4636756a6f6d352f544a426d506f68557a506746357a64555672554e6d664f7a4e376b6f37756453545535666d335a6b64573778554979325373316c5a3561526563514345497648703146702f4f456759467a637749353275325051757a617468644c38487a787652555a2f6e774e6b2f6e396835662f382b486c792f65726d4b35565a435a5a77324134754e7a4644625a4658733857453341525a4e5972726b4a68786b444e31706f616834694267533162327368434954387475483568616658314342774f3579366879575a74327a32775278355063465879764f6773736c415451517030333762396b643136326f7446654259716a676f64474b354d656d717134504a6c675141766e5a6e637939414932786b4f444a497a4c6f4b677a645953684334344d6573567070755134304b614f784442694d6535634a51454d632b4246445977344f6558585a4e474373546835725339334875754b4c736d30415748493544704c42615a4b5977672b547576574a5a6e78394e654c4d4c7a776e5a756d344f517955796c437753584c313857304b58565137737a346f56436f564444774d55374d446a614344344f783263776d6135755a4a34594a33515175726b526c44776c4958674c33392b424d3364674b346c456973435241676347736f754b697437527a7230624742677635696956424d4a6742476c67643079356e5535377354444655423437542b50717976546935516f75583737387665732f42676e6957704b44673542484a676a354467794f4f793665455845766e73486a3851684b4d6b2b6a38664b71636d57526c654a37625246386f56446f344e447545424552474a693164657541647264555443413434414a4a4f427a484259654c69416830586e4579796f366e765669493533754b74356d72584a6d75764677424247486e75626f4b34384e4a6644366634635a6b4d6867614278646e334c644363547844794750506b38356a38627938764b705338316c4e597132537732455143475379304d324e7a4841497a4e717a5a382f574d426365692b6d7130637a6457724f56524a6f374e3944466663583261447565396d49686e767356735377764c79595a7a373531644f6e4f6e517633426a766a534b53492b45486d65695a5a6f324734694f4d7638627938334841343664744c653655384c362b712b34767765447846797546786c4751796d5578775a664934516c4c4f6e6a3137714f6b6b4270504a5a4b35337752334a325270577378586e724e3035335a344e7442644c38547a394362664a69306359444a44322f6e5870447a75546c78766d44754277386552344a744f5678525332637a68696a52765069387a51626c776173334d65693766654b7a39587870594575497546504c475977794d54434571796b424e5273335850566e6c5942702f4d7250717753736a5951676f6b355a443467397436707476707442644c3859524c75504d4758793661756675637038656d354f7272326346424f5246434d5a6e357664643646704d707841304b33656865566553494f554d37596e624e4a4c4338364c6c3162436e4257556b674333456b427863785165784f49496878572b2f4f33527142772b45595a42366437736f6b4d4469424551354377686d756657793346387678624e43766b4d59487a327872334a53384e374a2b7a70614d6533794e6d35745836714c386644714c5169456f6d5a6463585a56695a2b3263747261324e7130374262766f4c526d62705651533274706378475343574377574538514567706a6a67684d4c4f5467786d64565578534b37344678634349783436597154792b7834326f764665495a454b2b5a64497267546768646537363266673476413864336333486a302b2f6454766171715743773669316e6c52535a776e416e4f4c6b6f4f78396e5a6e534a597441694c7855726d76444f48774b465165456f6c575378576b7055386a7442567a48484769566b73466b394a774846636e495874745035792b3554526c4f783938487a67435a6373322b5971354e794e61434d344f34746458446775484136486b33762f666d6f717661717171696f314e39654c523661344f7a7348304f6b556c38484265626d5141497646537a6742484534416e63496d7537496f4c447164786550785747514f547576436f64425a673846626344686e4638374b37545073786e50793062503163326e5045452b6e7638514f4f7479394f7a6565782b4f357547784a71366e4a6d54507a3753747676554b6e7036616d587234766d7a55726753624a6e746d6d355169464c69356b31317a424967486b5343454d69676b454e6a362f6955576e3078666c307176795753794f654d34634c5937446f536a464842646e353776616d4f6b583748684f7675557a2f78745446744e66723674544d532b3435762f4e586675746d3574515044686e5943424c322f76582f682b574c703248462b51324a64773632722f30364c6c7a4d374f3142414b42544648533256676f775647724a536a4a4643554c7a35624a384c6c593743495a505a394f707a69374f382b64362b4b6956436f354849355775334c3737795a7542314e484642493877584f50352f37337547305264313157725763796d575379574f784d63743639744c57313532676248732b654e32767030763739505a7436322b61496c5377796d63796a534a707533587037347943486e6f746e352b664c32453173764b4e4d4a704f78382b6b555a594337383042676f465a4a34564863705374336c7576424838566954535652547a314e38627a376e6a4263736d77466755785a2f33317131663155466f76436358452f7379763533473133456b64436d33587a3975326a4b3237503145715548417164546c46794b4a52656a364f7a5747516c68594c48793968734e6b335a35496831784c505a46447a4633646c64577a4e333631786e647957654a6c6d35372b5476786e6a6138587857654f37627833326c4b762b2b49466367454b536d306c6b733933662b6c4a314e79764c5049456a6e375a3435373532374c6951484870764e5a744635596b4b416447664d75586b55486b6369625a4c4a38746b55536f4245517150526d71524b69635264346e3533727650637533666479553030783531527749366e48553972505a7a466968757643504b787556684236714a5837722b695641345378446958514e4c63363138745446346f6458594a644f4651324777366e6135554b7432316262646e7a704f36533656534a5276505a6b736b4151484f7a75374f424b6c5547794368304368694638354b436276715a656d32446447467a7879707362655a2b66566a347a4876794c3175786f324d545a3041396b7356786a657a517968716d4e38346874445264526b585972744e3043634f5436666f3242754c49437a57323775755362596f6e304c6855586843486f586a6b753133665761766c694157637a6755656936576e69396a30396753436b56436f55676b464477466a355868615145556433657473374f37564f6f7559637577574471464573444f703075333955654635443362394d72493532656632674465794d652f556654556d5a3150396430764c2b436e507871757a39466246767a793571386e4a342f364d6b4a52542b316a44385a36506e683058535033766e2b3644694d6654363151744644423957625633626879362b6a5374783070644877756e55354970587678784749705956444a342f48495a416f39563742493842306b77474b786a6851386c693268345046344c42597659394d633865377537674553436f557477395a687358673870596d4f643779352f526d76517759414874454a497a6f504867484730357a4277386b5948517550334e7246324b4270374c59593957586b6f6742737441476d724f6459516b5a71426b7846504f466f785533587435636d2f3743303532304a683556506c36576d306c4f2f39334c6a555a706365626d7064426142565a57363644734967723454514856344c423750626d4c6a3858684866454b435449616e3057675371565469694d5643554630644670756254354e73327835646d50654d38527a6576794e4774704662626f2b787a5948786668373566654e4438776a4c61764c4c5a6f754377576a57674c6d2b35786834546a3258644e69464643376d76743162644f37745737656b5458545a6f6b57792f467a42356674564c41706478754a565662466358564e54557866565152414559624579527a62654553746a342f46734e6c36576b4f4474375369543466463452306373424546515852313048357131625557355067392b3174627a61547a424b447a48656d30754d38436f714c48363267677a35754e70386f7677377831502b4c53434b395671417952735762357345625a756b5541672b4b344f6a38646a73544932713472465971616d3373643659794549386e616b3057687376434d656a366330535a706f574738493873596d4a446a694178376a43586c37433262642f4676354d322f7143464c4778394e456b4747734f7963597a7a46452f5348786847636f626d35623659796e3047563157416862423045514247467a7359734569334c7a5753785766713541674b3344656e74374a3979634e572f6d797a5248764977746b556f6c4e4738496769436f446b75544f45736c6a74376530494937433252337469334c41336c5444553877346f77736f35484569464458584479427364316f78324a6d6a4633304a68625063595341715257376a376751707766636d37636f446d3438576f4b3374376533414949675349444e4651674567747863504431584950684f55466433593961746f376650624675356a555a726f6a5546754163453042377a5753656a4262674830414c634a5a4a353539376576574a372b656b38654b70617a7a463764396752525a5a5a7a37464e305a676d445a6b6f432f4563523869496a3663636e6e4468413237734c447046496b74345045524456364736756a6f492b673453434153353948784237694b5a493233624e696c7456684d74774a486d6d4a43517a385937306d596c334c6d7a774474686c7150456b594b584f47757a73374e33722f6a69354c343865437268435a7546353239442f446a6461457338455971794445387a735a7936654d4958464e7776367242597244634551644143364d725242416a36446f496743424b38776d617832453153676e546c5370716a3979774a6d30334459374751594248573233756c6f2f65646d3764577a484a30784f4d644a65374f576e66744f312b55543456326a7349546d49486e43457337756a75424d51324f745a2f6957494f374b5a5447455755526e754e674f763473303750484535346571726769454f42703236373863384e6e58787a39367a7a764a365265666955666a38577a70644b5655756b73623069475a2b4f786a303073316a46414b7456754f377078486931424a6e5045557a694f415765326e666e4c6c4a687248356e4a7351576538426a4d6d47452b78346d497a4262315238565458374a73777730425872746978642f2b3973585276783664353530415151735758495545736c7773466b397a58376e5358534a78684f72774e4d636e527461524a74572b632b5a32373077706a5561543057675569704b323876624e53545365774e682f342b536b6a6663754d4f494941474f5466386152476464386a73687a6d6368696d685a6c445a37414e4a3441674c486765505a34776f585248323949774776503750787266382f5274322b747044585246697941726c36392b703141414d6c6b7441434a684d566935656337597247797437776843494a6f55716e326e58656b5a3751424e416c654b7046514b4a4a744b3561646e4c7a706f75456e565275642f68743953497a4a764f657769632f68485464386b6d6e556851416a6c764570386f3263355062624e44777955516a77664679584553456a636d7244507034434562797843336a304166657a5751546c764e753362362f5935756a6f534b4d355174412f2f336e314b67514a3674354b6b4d6e7938316c304c4a766d6d4a4477316c73514245455353594437586565565771317a414331417558496c54644b30596e496454395057632b797a4d305966695737302f4d476e447873655a2f57456965336d522b64746868396a6a4554554c322b4e6661613773552b4743786c56783868726d4a4c57453462336879722b396861624a70564b58383757427267547043736462317a3536773833726b4b516f453467654376424f3247574e356147725873726f5334423634326c42515145424c6748754c75374277514575447653566d3637575259466e6e3351507355634b587578445a3577794854465a322f4a384869787471334e7561302b5743746473664f486d432b753147467a383676795a393363774932396451637238385a6976576c736d534e62496c45716c52514b52556d51534b565336636f375a564d6e74577648383365484a39776672626836465a744c6f55674378495135577533753637752b7548496a41597650702b4d54626e4b3569686d66784e364349416a4379715153504a76435a6a657857666d3573715945476b306976626b44674c784d4f3537324d6b4634776f2b69597a2b37737567564667585055306f433348652f50473865473475584e636c6b6634766c686b5a6e646b5a2f4d6a316d41515378735451616a555a4c5345684959474f78574768426776664e6d78764156426e5a37586a2b507647454c337a432f647543756b573565496f7949434167594f557352337875716d44656c54746378597a4d6141412b794179647a6c3277414771435a4c4b45424779645444597241597574572b423936325a732b5253693034376e37784a502b4d566f4c76664757362b34536951537064675254334f634a524e414e324b3354342f36614239516451503969356b666366762f655257434949454167694342747a6457554466727870585963716570524951647a39386c6e76414c5551727568687665336f3430504632417a63664f657576475a3178465a6f6b4b76505969634a716d6d765a69614e534d32413158463179392b6e67464851524256362f455273306f6e464a41325048386665494a4e344350464e774e433235357a3449674b4147362b686b5854412f396f4273344e6341774444644d4179382b794a7a7839512b664c6268785a634756425176754c466877343739625a3079746e564765677a4f77374d55795047485971535261775932397375444b6e632f7533496a6c67676564344f7547437a414d587969455962697741627a3461756a303248667a506f76393739674e6e2f307a3974305a594e382b75314c745a584c7768504d4b503338564b42526368554c3173654b547a67644133774444384d6664344c31704954414d4f796e4161356d5a3056474b6a787679754e756e54342f36693931513263766b34516e4465533838694934716a346f3631666e3535337267424d4e77794938716f414a36304e3041773343443473586f7a6c4d6c6d655652555a6e4179636c4f7037314d4b70347748504965364334707964537267424d4d7733436548716855514138415544312b4466524146523161306d313338657a6c4765414a777a42632b494c546b77316b6e61594250514236415054644b745746782b2f744c77787873734e704c38384d7a314878734e374a726a74376d614a344e7168416f563133396a4a46385954682f5862563263765578644e653747555379763866414e6a526c666373686464594141414141456c46546b5375516d4343, 12441, 'image/png', 'prova', 'prova', 'prova');

-- --------------------------------------------------------

--
-- Struttura della tabella `sys_image_sys_slider`
--

CREATE TABLE IF NOT EXISTS `sys_image_sys_slider` (
  `id` int(10) unsigned NOT NULL AUTO_INCREMENT,
  `id_sys_image` int(10) unsigned NOT NULL,
  `id_sys_slider` int(10) unsigned NOT NULL,
  PRIMARY KEY (`id`)
) ENGINE=InnoDB DEFAULT CHARSET=latin1 AUTO_INCREMENT=1 ;

-- --------------------------------------------------------

--
-- Struttura della tabella `sys_log`
--

CREATE TABLE IF NOT EXISTS `sys_log` (
  `id` int(10) unsigned NOT NULL AUTO_INCREMENT,
  `operation` varchar(20) DEFAULT NULL,
  `entity` varchar(100) DEFAULT NULL,
  `itemid` varchar(255) DEFAULT NULL,
  `service` varchar(100) DEFAULT NULL,
  `username` varchar(15) DEFAULT NULL,
  `date` timestamp NULL DEFAULT NULL,
  `ip` varchar(15) DEFAULT NULL,
  PRIMARY KEY (`id`)
) ENGINE=InnoDB  DEFAULT CHARSET=latin1 AUTO_INCREMENT=25 ;

--
-- Dump dei dati per la tabella `sys_log`
--

INSERT INTO `sys_log` (`id`, `operation`, `entity`, `itemid`, `service`, `username`, `date`, `ip`) VALUES
(1, 'LOGIN', '', '', 'login.php', 'admin', '0000-00-00 00:00:00', 'localhost'),
(2, 'LOGIN', '', '', 'login.php', 'admin', '0000-00-00 00:00:00', 'localhost'),
(3, 'LOGIN', '', '', 'login.php', 'admin', '0000-00-00 00:00:00', 'localhost'),
(4, 'LOGIN', '', '', 'login.php', 'admin', '0000-00-00 00:00:00', 'localhost'),
(5, 'LOGIN', '', '', 'login.php', 'admin', '0000-00-00 00:00:00', 'localhost'),
(6, 'LOGIN', '', '', 'login.php', 'admin', '0000-00-00 00:00:00', 'localhost'),
(7, 'LOGIN', '', '', 'login.php', 'admin', '0000-00-00 00:00:00', 'localhost'),
(8, 'LOGIN', '', '', 'login.php', 'admin', '0000-00-00 00:00:00', 'localhost'),
(9, 'LOGIN', '', '', 'login.php', 'admin', '0000-00-00 00:00:00', 'localhost'),
(10, 'LOGIN', '', '', 'login.php', 'admin', '0000-00-00 00:00:00', 'localhost'),
(11, 'LOGIN', '', '', 'login.php', 'admin', '0000-00-00 00:00:00', 'localhost'),
(12, 'LOGIN', '', '', 'login.php', 'admin', '0000-00-00 00:00:00', 'localhost'),
(13, 'LOGIN', '', '', 'login.php', 'admin', '0000-00-00 00:00:00', 'localhost'),
(14, 'LOGIN', '', '', 'login.php', 'admin', '0000-00-00 00:00:00', 'localhost'),
(15, 'LOGIN', '', '', 'login.php', 'admin', '0000-00-00 00:00:00', 'localhost'),
(16, 'LOGIN', '', '', 'login.php', 'admin', '0000-00-00 00:00:00', 'localhost'),
(17, 'LOGIN', '', '', 'login.php', 'admin', '0000-00-00 00:00:00', 'localhost'),
(18, 'LOGIN', '', '', 'login.php', 'admin', '0000-00-00 00:00:00', 'localhost:8080'),
(19, 'LOGIN', '', '', 'login.php', 'admin', '0000-00-00 00:00:00', 'localhost:8080'),
(20, 'LOGIN', '', '', 'login.php', 'admin', '0000-00-00 00:00:00', 'localhost:8080'),
(21, 'LOGIN', '', '', 'login.php', 'admin', '0000-00-00 00:00:00', 'localhost:8080'),
(22, 'LOGIN', '', '', 'login.php', 'admin', '0000-00-00 00:00:00', 'localhost:8080'),
(23, 'LOGIN', '', '', 'login.php', 'admin', '0000-00-00 00:00:00', 'localhost:8080'),
(24, 'LOGIN', '', '', 'login.php', 'admin', '0000-00-00 00:00:00', 'localhost:8080');

-- --------------------------------------------------------

--
-- Struttura della tabella `sys_menu`
--

CREATE TABLE IF NOT EXISTS `sys_menu` (
  `id` int(10) unsigned NOT NULL AUTO_INCREMENT,
  `entry` varchar(100) DEFAULT NULL,
  `link` varchar(255) DEFAULT NULL,
  `position` int(10) unsigned NOT NULL,
  `linked_page` int(10) unsigned NOT NULL,
  `parent` int(10) unsigned NOT NULL,
  PRIMARY KEY (`id`)
) ENGINE=InnoDB  DEFAULT CHARSET=latin1 AUTO_INCREMENT=2 ;

--
-- Dump dei dati per la tabella `sys_menu`
--

INSERT INTO `sys_menu` (`id`, `entry`, `link`, `position`, `linked_page`, `parent`) VALUES
(1, 'About', 'index.php', 1, 1, 0);

-- --------------------------------------------------------

--
-- Struttura della tabella `sys_news`
--

CREATE TABLE IF NOT EXISTS `sys_news` (
  `id` int(10) unsigned NOT NULL AUTO_INCREMENT,
  `owner` varchar(50) DEFAULT NULL,
  `title` varchar(68) NOT NULL,
  `lastmod` timestamp NULL DEFAULT NULL,
  `creation` timestamp NULL DEFAULT NULL,
  `date` timestamp NULL DEFAULT NULL,
  `active` varchar(1) DEFAULT NULL,
  `body` text,
  PRIMARY KEY (`id`)
) ENGINE=InnoDB  DEFAULT CHARSET=latin1 AUTO_INCREMENT=5 ;

--
-- Dump dei dati per la tabella `sys_news`
--

INSERT INTO `sys_news` (`id`, `owner`, `title`, `lastmod`, `creation`, `date`, `active`, `body`) VALUES
(1, 'admin', 'new prova 1', NULL, '2014-05-30 22:00:00', '2014-05-31 14:26:00', '', '<p>new prova 1</p>'),
(2, 'admin', 'new prova 2', NULL, '2014-05-30 22:00:00', '2014-05-31 14:26:00', '', '<p>new prova 2</p>'),
(3, 'admin', 'new prova 3', NULL, '2014-05-30 22:00:00', '2014-05-31 14:26:00', '', '<p>new prova 3</p>'),
(4, 'admin', 'news', NULL, '2014-09-02 22:00:00', '2014-09-03 20:54:00', '', '<p>prova</p>');

-- --------------------------------------------------------

--
-- Struttura della tabella `sys_page`
--

CREATE TABLE IF NOT EXISTS `sys_page` (
  `id` int(10) unsigned NOT NULL AUTO_INCREMENT,
  `owner` varchar(50) DEFAULT NULL,
  `title` varchar(100) DEFAULT NULL,
  `description` text,
  `subtitle` varchar(100) DEFAULT NULL,
  `body` text,
  `position` int(10) unsigned NOT NULL,
  `link` varchar(100) DEFAULT NULL,
  `section` int(10) unsigned NOT NULL,
  `father` int(10) unsigned NOT NULL,
  `foto` int(10) unsigned NOT NULL,
  PRIMARY KEY (`id`)
) ENGINE=InnoDB  DEFAULT CHARSET=latin1 AUTO_INCREMENT=2 ;

--
-- Dump dei dati per la tabella `sys_page`
--

INSERT INTO `sys_page` (`id`, `owner`, `title`, `description`, `subtitle`, `body`, `position`, `link`, `section`, `father`, `foto`) VALUES
(1, 'admin', 'About', NULL, 'Who are we', '<p>Hi, this is a try of becontent menu!!!</p>', 0, 'page.php', 0, 0, 1);

-- --------------------------------------------------------

--
-- Struttura della tabella `sys_section`
--

CREATE TABLE IF NOT EXISTS `sys_section` (
  `id` int(10) unsigned NOT NULL AUTO_INCREMENT,
  `name` varchar(40) DEFAULT NULL,
  PRIMARY KEY (`id`)
) ENGINE=InnoDB DEFAULT CHARSET=latin1 AUTO_INCREMENT=1 ;

-- --------------------------------------------------------

--
-- Struttura della tabella `sys_service`
--

CREATE TABLE IF NOT EXISTS `sys_service` (
  `id` int(10) unsigned NOT NULL AUTO_INCREMENT,
  `name` varchar(100) DEFAULT NULL,
  `script` varchar(100) DEFAULT NULL,
  `entry` varchar(100) DEFAULT NULL,
  `visible` varchar(1) DEFAULT NULL,
  `des` text,
  `position` int(10) unsigned NOT NULL,
  `servicecategory` int(10) unsigned NOT NULL,
  `entities` varchar(50) DEFAULT NULL,
  `superuser_group` int(10) unsigned NOT NULL,
  PRIMARY KEY (`id`)
) ENGINE=InnoDB  DEFAULT CHARSET=latin1 AUTO_INCREMENT=16 ;

--
-- Dump dei dati per la tabella `sys_service`
--

INSERT INTO `sys_service` (`id`, `name`, `script`, `entry`, `visible`, `des`, `position`, `servicecategory`, `entities`, `superuser_group`) VALUES
(1, 'Login', 'admin-login.php', 'Login', '*', 'Login service', 1, 0, '', 0),
(2, 'Logout', 'admin-logout.php', 'Logout', '*', 'Logout service', 2, 0, '', 0),
(3, 'User Management', 'admin-users-manager.php', 'Users', '*', '', 1, 1, '', 0),
(4, 'Group Management', 'admin-groups-manager.php', 'Groups', '*', '', 2, 1, '', 0),
(5, 'Service Management', 'admin-services-manager.php', 'Services', '*', '', 3, 1, '', 0),
(6, 'Service Category Management', 'admin-servicecategory-manager.php', 'Service Categories', '*', '', 4, 1, '', 0),
(7, 'Page Management', 'admin-pages-manager.php', 'Pages', '*', '', 1, 2, '', 0),
(8, 'Menu Management', 'admin-menu-manager.php', 'Menu', '*', '', 2, 2, '', 0),
(10, 'News', 'admin-news-manager.php', 'News', '*', '', 4, 2, '', 0),
(11, 'Image', 'admin-image-manager.php', 'Image', '*', '', 5, 2, '', 0),
(12, 'Slider', 'admin-slider-manager.php', 'Slider', '*', '', 6, 2, '', 0),
(13, 'File2Folder', 'admin-file_folder-manager.php', 'File2Folder', '*', '', 7, 0, '', 0),
(14, 'Video', 'admin-video-manager.php', 'Video', '*', '', 8, 2, '', 0),
(15, 'Events', 'admin-events-manager.php', 'Events', NULL, '', 1, 4, NULL, 0);

-- --------------------------------------------------------

--
-- Struttura della tabella `sys_servicecategory`
--

CREATE TABLE IF NOT EXISTS `sys_servicecategory` (
  `id` int(10) unsigned NOT NULL AUTO_INCREMENT,
  `name` varchar(40) DEFAULT NULL,
  `position` int(10) unsigned NOT NULL,
  PRIMARY KEY (`id`)
) ENGINE=InnoDB  DEFAULT CHARSET=latin1 AUTO_INCREMENT=5 ;

--
-- Dump dei dati per la tabella `sys_servicecategory`
--

INSERT INTO `sys_servicecategory` (`id`, `name`, `position`) VALUES
(1, 'System', 1),
(2, 'Content', 2),
(4, 'Events', 3);

-- --------------------------------------------------------

--
-- Struttura della tabella `sys_service_sys_group`
--

CREATE TABLE IF NOT EXISTS `sys_service_sys_group` (
  `id` int(10) unsigned NOT NULL AUTO_INCREMENT,
  `id_sys_service` int(10) unsigned NOT NULL,
  `id_sys_group` int(10) unsigned NOT NULL,
  PRIMARY KEY (`id`)
) ENGINE=InnoDB  DEFAULT CHARSET=latin1 AUTO_INCREMENT=17 ;

--
-- Dump dei dati per la tabella `sys_service_sys_group`
--

INSERT INTO `sys_service_sys_group` (`id`, `id_sys_service`, `id_sys_group`) VALUES
(1, 1, 1),
(2, 2, 1),
(3, 3, 1),
(4, 4, 1),
(5, 5, 1),
(6, 6, 1),
(7, 7, 1),
(8, 8, 1),
(9, 9, 1),
(10, 10, 1),
(11, 11, 1),
(12, 12, 1),
(13, 13, 1),
(14, 14, 1),
(16, 15, 1);

-- --------------------------------------------------------

--
-- Struttura della tabella `sys_slider`
--

CREATE TABLE IF NOT EXISTS `sys_slider` (
  `id` int(10) unsigned NOT NULL AUTO_INCREMENT,
  `titolo` varchar(50) DEFAULT NULL,
  `descrizione` text,
  `effetto` text,
  `width` int(11) DEFAULT NULL,
  `height` int(11) DEFAULT NULL,
  `pagina` int(10) unsigned NOT NULL,
  PRIMARY KEY (`id`)
) ENGINE=InnoDB DEFAULT CHARSET=latin1 AUTO_INCREMENT=1 ;

-- --------------------------------------------------------

--
-- Struttura della tabella `sys_slider_sys_page`
--

CREATE TABLE IF NOT EXISTS `sys_slider_sys_page` (
  `id` int(10) unsigned NOT NULL AUTO_INCREMENT,
  `id_sys_slider` int(10) unsigned NOT NULL,
  `id_sys_page` int(10) unsigned NOT NULL,
  PRIMARY KEY (`id`)
) ENGINE=InnoDB DEFAULT CHARSET=latin1 AUTO_INCREMENT=1 ;

-- --------------------------------------------------------

--
-- Struttura della tabella `sys_user`
--

CREATE TABLE IF NOT EXISTS `sys_user` (
  `username` varchar(50) NOT NULL,
  `password` varchar(32) NOT NULL,
  `email` varchar(100) DEFAULT NULL,
  `name` varchar(50) DEFAULT NULL,
  `surname` varchar(50) DEFAULT NULL,
  `phone` varchar(20) DEFAULT NULL,
  `active` varchar(1) DEFAULT NULL,
  `active_newsletter` varchar(1) DEFAULT NULL,
  `processed` varchar(1) DEFAULT NULL,
  PRIMARY KEY (`username`)
) ENGINE=InnoDB DEFAULT CHARSET=latin1;

--
-- Dump dei dati per la tabella `sys_user`
--

INSERT INTO `sys_user` (`username`, `password`, `email`, `name`, `surname`, `phone`, `active`, `active_newsletter`, `processed`) VALUES
('admin', '21232f297a57a5a743894a0e4a801fc3', 'luca89pe@gmail.com', 'Luca', 'Ciprietti', '', '', '', '');

-- --------------------------------------------------------

--
-- Struttura della tabella `sys_user_sys_group`
--

CREATE TABLE IF NOT EXISTS `sys_user_sys_group` (
  `id` int(10) unsigned NOT NULL AUTO_INCREMENT,
  `username_sys_user` varchar(50) DEFAULT NULL,
  `id_sys_group` int(10) unsigned NOT NULL,
  PRIMARY KEY (`id`)
) ENGINE=InnoDB  DEFAULT CHARSET=latin1 AUTO_INCREMENT=2 ;

--
-- Dump dei dati per la tabella `sys_user_sys_group`
--

INSERT INTO `sys_user_sys_group` (`id`, `username_sys_user`, `id_sys_group`) VALUES
(1, 'admin', 1);

-- --------------------------------------------------------

--
-- Struttura della tabella `sys_video`
--

CREATE TABLE IF NOT EXISTS `sys_video` (
  `id` int(10) unsigned NOT NULL AUTO_INCREMENT,
  `owner` varchar(50) DEFAULT NULL,
  `filename` varchar(255) NOT NULL,
  `size` int(11) DEFAULT NULL,
  `filetype` varchar(255) NOT NULL,
  `title` varchar(255) NOT NULL,
  `date` timestamp NULL DEFAULT NULL,
  `foto` int(10) unsigned NOT NULL,
  PRIMARY KEY (`id`)
) ENGINE=InnoDB DEFAULT CHARSET=latin1 AUTO_INCREMENT=1 ;

-- --------------------------------------------------------

--
-- Struttura della tabella `user_events`
--

CREATE TABLE IF NOT EXISTS `user_events` (
  `id` int(10) unsigned NOT NULL AUTO_INCREMENT,
  `owner` varchar(50) DEFAULT NULL,
  `title` varchar(68) NOT NULL,
  `lastmod` timestamp NULL DEFAULT NULL,
  `creation` timestamp NULL DEFAULT NULL,
  `date` timestamp NULL DEFAULT NULL,
  `active` varchar(1) DEFAULT NULL,
  `body` text,
  PRIMARY KEY (`id`)
) ENGINE=InnoDB  DEFAULT CHARSET=latin1 AUTO_INCREMENT=3 ;

--
-- Dump dei dati per la tabella `user_events`
--

INSERT INTO `user_events` (`id`, `owner`, `title`, `lastmod`, `creation`, `date`, `active`, `body`) VALUES
(1, 'admin', 'Prova', NULL, '2014-09-02 22:00:00', '2014-09-03 20:45:00', '', '<p>prova</p>'),
(2, 'admin', 'porco diaz', '2014-09-07 22:00:00', '2014-09-02 22:00:00', '2014-09-03 20:53:00', '*', '<p>perch&egrave; cazzo non funzioni?</p>');

/*!40101 SET CHARACTER_SET_CLIENT=@OLD_CHARACTER_SET_CLIENT */;
/*!40101 SET CHARACTER_SET_RESULTS=@OLD_CHARACTER_SET_RESULTS */;
/*!40101 SET COLLATION_CONNECTION=@OLD_COLLATION_CONNECTION */;
